{
    "loss": 3.7040443420410156,
    "accuracy": 0.5254098176956177
}