{
    "loss": 7.878983974456787,
    "accuracy": 0.7991803288459778
}